City_ID,City,Country,Date,Lat,Lng,Max Temp,Humidity,Cloudiness,Wind Speed
0,Los Llanos De Aridane,ES,2022-07-29 19:26:41,28.6585,-17.9182,71.35,87,75,19.57
1,Laguna,US,2022-07-29 19:26:42,38.421,-121.4238,95.09,47,0,5.75
2,Puerto Ayora,EC,2022-07-29 19:23:24,-0.7393,-90.3518,80.56,90,92,10.0
3,Vaini,TO,2022-07-29 19:26:42,-21.2,-175.2,75.36,88,40,10.36
4,Santa Rosa,PH,2022-07-29 19:22:59,14.3122,121.1114,81.1,86,100,7.58
5,East London,ZA,2022-07-29 19:26:42,-33.0153,27.9116,64.17,59,0,3.98
6,Kawalu,ID,2022-07-29 19:26:43,-7.3817,108.2082,71.69,98,100,1.83
7,Kodiak,US,2022-07-29 19:26:43,57.79,-152.4072,56.71,82,100,6.91
8,Volkhov,RU,2022-07-29 19:26:43,59.9258,32.3382,54.86,97,26,6.4
9,Talcahuano,CL,2022-07-29 19:25:15,-36.7167,-73.1167,58.68,58,0,8.05
10,Sola,VU,2022-07-29 19:26:44,-13.8833,167.55,79.38,78,93,14.58
11,Yarmouth,US,2022-07-29 19:26:44,41.7057,-70.2286,91.87,56,0,21.85
12,Hays,US,2022-07-29 19:26:44,30.0502,-98.0336,100.96,43,1,1.99
13,Faanui,PF,2022-07-29 19:26:45,-16.4833,-151.75,79.25,75,4,25.55
14,Quang Ngai,VN,2022-07-29 19:26:45,15.1167,108.8,77.85,89,94,4.54
15,Hobart,AU,2022-07-29 19:26:45,-42.8794,147.3294,42.06,84,100,8.05
16,Guymon,US,2022-07-29 19:26:46,36.6828,-101.4816,71.6,83,100,8.05
17,Tuktoyaktuk,CA,2022-07-29 19:26:46,69.4541,-133.0374,39.2,87,100,19.57
18,New Norfolk,AU,2022-07-29 19:26:46,-42.7826,147.0587,41.72,85,100,2.53
19,Paamiut,GL,2022-07-29 19:26:46,61.994,-49.6678,44.89,84,100,3.91
20,Mataura,NZ,2022-07-29 19:26:47,-46.1927,168.8643,30.92,97,77,2.62
21,Tiksi,RU,2022-07-29 19:26:47,71.6872,128.8694,44.06,92,100,5.1
22,Ilulissat,GL,2022-07-29 19:26:47,69.2167,-51.1,51.82,66,75,8.05
23,Bredasdorp,ZA,2022-07-29 19:26:48,-34.5322,20.0403,49.64,76,90,7.9
24,Kahului,US,2022-07-29 19:26:48,20.8947,-156.47,82.98,57,20,4.61
25,Padang,ID,2022-07-29 19:26:48,-0.9492,100.3543,77.18,78,100,3.53
26,San Quintin,MX,2022-07-29 19:26:49,30.4833,-115.95,72.68,68,97,10.83
27,Eyl,SO,2022-07-29 19:26:49,7.9803,49.8164,76.91,82,100,22.95
28,Bluff,NZ,2022-07-29 19:26:49,-46.6,168.3333,41.41,87,99,8.34
29,Krasnyy Chikoy,RU,2022-07-29 19:26:50,50.3643,108.7512,56.57,97,100,2.75
30,Kavaratti,IN,2022-07-29 19:26:50,10.5669,72.642,81.23,84,38,18.48
31,Avera,US,2022-07-29 19:26:50,33.194,-82.5271,94.51,40,98,10.18
32,Punta Arenas,CL,2022-07-29 19:26:07,-53.15,-70.9167,42.82,75,0,35.68
33,Kamaishi,JP,2022-07-29 19:26:51,39.2667,141.8833,72.25,94,64,3.67
34,Tura,IN,2022-07-29 19:26:51,25.5198,90.2201,73.62,96,64,3.44
35,Vanimo,PG,2022-07-29 19:26:51,-2.6741,141.3028,76.28,90,98,5.59
36,Ribeira Grande,PT,2022-07-29 19:26:51,38.5167,-28.7,77.4,65,40,8.05
37,Chern,RU,2022-07-29 19:26:52,53.4523,36.9145,64.96,64,100,5.01
38,Tecoanapa,MX,2022-07-29 19:26:52,16.5167,-98.75,86.04,65,97,9.24
39,Namibe,AO,2022-07-29 19:26:52,-15.1961,12.1522,61.75,87,20,4.34
40,Clyde River,CA,2022-07-29 19:26:53,70.4692,-68.5914,43.03,93,100,14.97
41,Florence,IT,2022-07-29 19:23:52,43.7667,11.25,85.68,61,0,6.91
42,Barrow,US,2022-07-29 19:26:53,71.2906,-156.7887,36.3,84,100,6.73
43,Hoquiam,US,2022-07-29 19:26:53,46.9809,-123.8893,64.0,82,20,12.66
44,La Ronge,CA,2022-07-29 19:26:54,55.1001,-105.2842,71.85,68,100,13.8
45,Kaitangata,NZ,2022-07-29 19:26:54,-46.2817,169.8464,34.63,90,13,5.12
46,Cabo San Lucas,MX,2022-07-29 19:26:54,22.8909,-109.9124,92.5,40,40,11.5
47,Mar Del Plata,AR,2022-07-29 19:26:55,-38.0023,-57.5575,64.42,60,0,7.0
48,Moron,AR,2022-07-29 19:27:55,-34.6534,-58.6198,65.95,37,0,4.41
49,Hilo,US,2022-07-29 19:27:55,19.7297,-155.09,87.28,68,0,5.99
50,Rikitea,PF,2022-07-29 19:23:13,-23.1203,-134.9692,72.54,75,5,18.23
51,Shalakusha,RU,2022-07-29 19:27:55,62.2247,40.2539,60.69,99,100,4.94
52,Butaritari,KI,2022-07-29 19:27:56,3.0707,172.7902,81.63,75,7,13.15
53,Aksarka,RU,2022-07-29 19:27:56,66.5606,67.7975,66.65,72,90,5.73
54,Norman Wells,CA,2022-07-29 19:27:56,65.282,-126.8329,60.84,63,75,4.61
55,Port Lincoln,AU,2022-07-29 19:26:04,-34.7333,135.8667,54.59,45,100,17.05
56,Pevek,RU,2022-07-29 19:27:57,69.7008,170.3133,43.75,78,56,18.54
57,Leningradskiy,RU,2022-07-29 19:27:57,69.3833,178.4167,42.17,79,100,4.5
58,Payakumbuh,ID,2022-07-29 19:27:57,-0.2202,100.6308,70.72,84,100,3.18
59,Lompoc,US,2022-07-29 19:27:58,34.6391,-120.4579,87.78,64,0,14.97
60,Touros,BR,2022-07-29 19:27:58,-5.1989,-35.4608,80.94,73,96,14.0
61,Longyearbyen,SJ,2022-07-29 19:24:10,78.2186,15.6401,48.04,76,75,2.3
62,Geraldton,AU,2022-07-29 19:27:52,-28.7667,114.6,59.41,67,100,10.36
63,Khatanga,RU,2022-07-29 19:27:58,71.9667,102.5,60.15,67,11,9.26
64,Iquique,CL,2022-07-29 19:27:59,-20.2208,-70.1431,59.04,71,32,5.66
65,Okhotsk,RU,2022-07-29 19:27:59,59.3833,143.3,57.97,91,100,7.45
66,Ono,JP,2022-07-29 19:27:59,34.85,134.9333,82.81,78,99,3.62
67,Contadero,CO,2022-07-29 19:28:00,0.907,-77.5473,61.97,67,75,11.5
68,Mahebourg,MU,2022-07-29 19:28:00,-20.4081,57.7,70.25,78,40,14.97
69,Ulaangom,MN,2022-07-29 19:28:00,49.9811,92.0667,63.7,57,100,4.29
70,Avarua,CK,2022-07-29 19:28:00,-21.2078,-159.775,77.05,73,40,11.5
71,Saldanha,ZA,2022-07-29 19:28:01,-33.0117,17.9442,51.85,69,100,7.52
72,Bedesa,ET,2022-07-29 19:28:01,8.9,40.7833,67.01,73,91,7.2
73,Methoni,GR,2022-07-29 19:28:01,36.8197,21.7049,83.21,66,0,7.05
74,Lafia,NG,2022-07-29 19:28:02,8.4833,8.5167,73.42,88,71,2.08
75,Yuzawa,JP,2022-07-29 19:28:02,39.1667,140.5,70.54,95,58,2.68
76,Iqaluit,CA,2022-07-29 19:28:02,63.7506,-68.5145,49.73,71,100,6.91
77,Palmer,US,2022-07-29 19:28:03,42.1584,-72.3287,90.63,46,40,6.91
78,Maine-Soroa,NE,2022-07-29 19:28:03,13.2114,12.0241,88.29,43,16,8.68
79,Arman,RU,2022-07-29 19:28:03,59.7,150.1667,49.82,84,12,4.21
80,Albany,US,2022-07-29 19:27:09,42.6001,-73.9662,89.06,38,1,3.0
81,Ostrovnoy,RU,2022-07-29 19:28:04,68.0531,39.5131,47.17,94,100,17.0
82,Santa Marinella,IT,2022-07-29 19:28:04,42.0345,11.8536,83.93,71,0,4.12
83,Arraial Do Cabo,BR,2022-07-29 19:24:50,-22.9661,-42.0278,75.16,73,20,17.27
84,Qandala,SO,2022-07-29 19:28:04,11.472,49.8728,90.7,48,12,3.15
85,Dikson,RU,2022-07-29 19:28:05,73.5069,80.5464,42.39,97,100,9.55
86,Victoria,HK,2022-07-29 19:26:57,22.2855,114.1577,88.32,85,87,1.01
87,Sartell,US,2022-07-29 19:28:05,45.6216,-94.2069,76.1,54,20,8.01
88,Dunedin,NZ,2022-07-29 19:23:16,-45.8742,170.5036,38.8,74,55,4.76
89,Busselton,AU,2022-07-29 19:28:06,-33.65,115.3333,52.61,66,100,24.63
90,Port Elizabeth,ZA,2022-07-29 19:28:06,-33.918,25.5701,57.49,88,0,18.41
91,Ushuaia,AR,2022-07-29 19:28:06,-54.8,-68.3,44.22,56,40,16.11
92,Alofi,NU,2022-07-29 19:28:07,-19.0595,-169.9187,76.89,88,32,9.22
93,Vostok,RU,2022-07-29 19:28:07,46.4856,135.8833,64.6,96,73,4.38
94,Sitka,US,2022-07-29 19:28:07,57.0531,-135.33,57.09,94,100,3.44
95,Bambous Virieux,MU,2022-07-29 19:28:07,-20.3428,57.7575,70.21,78,40,14.97
96,Port Blair,IN,2022-07-29 19:29:08,11.6667,92.75,81.36,81,19,2.71
97,Winslow,US,2022-07-29 19:29:08,35.0242,-110.6974,82.58,44,0,4.61
98,Luang Prabang,LA,2022-07-29 19:25:13,19.8856,102.1347,74.8,95,100,1.86
99,Richards Bay,ZA,2022-07-29 19:29:08,-28.783,32.0377,68.97,60,0,15.3
100,Katsuura,JP,2022-07-29 19:29:09,35.1333,140.3,79.16,92,6,10.0
101,Hithadhoo,MV,2022-07-29 19:29:09,-0.6,73.0833,79.18,83,100,18.77
102,Hermanus,ZA,2022-07-29 19:29:09,-34.4187,19.2345,50.81,64,100,13.8
103,Newark,US,2022-07-29 19:26:58,40.7357,-74.1724,87.93,55,75,15.01
104,Curaca,BR,2022-07-29 19:29:10,-8.9903,-39.9094,88.77,33,20,4.76
105,Teseney,ER,2022-07-29 19:29:10,15.11,36.6575,81.32,66,86,8.41
106,Sabha,LY,2022-07-29 19:29:10,27.0377,14.4283,92.23,13,0,8.79
107,Aklavik,CA,2022-07-29 19:29:11,68.2191,-135.0107,46.4,93,100,5.75
108,Miahuatlan,MX,2022-07-29 19:29:11,18.5667,-97.4333,74.55,45,43,15.19
109,Mehamn,NO,2022-07-29 19:29:11,71.0357,27.8492,55.35,71,0,2.3
110,Saskylakh,RU,2022-07-29 19:29:12,71.9167,114.0833,60.21,72,50,3.71
111,Meulaboh,ID,2022-07-29 19:29:12,4.1363,96.1285,76.44,86,100,3.2
112,Port Alfred,ZA,2022-07-29 19:29:12,-33.5906,26.891,61.63,67,3,10.25
113,Namatanai,PG,2022-07-29 19:29:13,-3.6667,152.4333,78.24,73,18,9.13
114,Cherskiy,RU,2022-07-29 19:29:13,68.75,161.3,52.09,63,1,16.26
115,Saint-Michel-Des-Saints,CA,2022-07-29 19:29:13,46.6834,-73.9159,70.93,63,97,10.6
116,Nikolskoye,RU,2022-07-29 19:29:14,59.7035,30.7861,60.8,88,100,9.44
117,Port Hardy,CA,2022-07-29 19:29:14,50.6996,-127.4199,66.38,77,0,5.75
118,Nouakchott,MR,2022-07-29 19:29:14,18.0858,-15.9785,82.33,79,81,14.5
119,Severo-Kurilsk,RU,2022-07-29 19:29:15,50.6789,156.125,52.97,95,100,9.46
120,Adrar,MR,2022-07-29 19:29:15,20.5022,-10.0711,97.16,27,9,17.87
121,Fort-Shevchenko,KZ,2022-07-29 19:29:15,44.5086,50.263,78.3,72,0,8.43
122,Kedrovyy,RU,2022-07-29 19:29:15,56.1667,91.8167,64.87,92,100,4.07
123,Itarema,BR,2022-07-29 19:25:23,-2.9248,-39.9167,83.73,62,10,17.02
124,Cape Town,ZA,2022-07-29 19:29:16,-33.9258,18.4232,54.27,82,75,3.44
125,Saint-Philippe,RE,2022-07-29 19:29:16,-21.3585,55.7679,69.39,77,13,10.6
126,Miri,MY,2022-07-29 19:29:17,4.4148,114.0089,78.94,94,20,2.3
127,Jamestown,US,2022-07-29 19:29:17,42.097,-79.2353,78.53,41,75,11.5
128,Upernavik,GL,2022-07-29 19:29:17,72.7868,-56.1549,40.95,92,100,3.49
129,Latnaya,RU,2022-07-29 19:29:17,51.6586,38.9011,62.49,67,46,6.91
130,Mecca,SA,2022-07-29 19:28:40,21.4267,39.8261,92.55,25,71,4.59
131,Kirakira,SB,2022-07-29 19:29:18,-10.4544,161.9205,78.15,84,93,3.78
132,Vredendal,ZA,2022-07-29 19:29:18,-31.6683,18.5012,54.59,90,100,4.59
133,Ziniare,BF,2022-07-29 19:29:18,12.5822,-1.2983,78.84,80,100,8.41
134,Collie,AU,2022-07-29 19:29:19,-33.3667,116.15,47.07,80,100,12.03
135,Lebu,CL,2022-07-29 19:29:19,-37.6167,-73.65,51.1,77,0,21.61
136,Sorong,ID,2022-07-29 19:29:19,-0.8833,131.25,77.95,85,100,3.74
137,Vallenar,CL,2022-07-29 19:29:20,-28.5708,-70.7581,73.06,32,10,4.14
138,San Patricio,US,2022-07-29 19:29:20,28.017,-97.5169,100.17,42,21,18.34
139,Progreso,MX,2022-07-29 19:29:20,21.2833,-89.6667,94.1,68,25,14.61
140,Ta Khmau,KH,2022-07-29 19:30:21,11.4833,104.95,82.45,83,40,4.61
141,Chatellerault,FR,2022-07-29 19:30:21,46.8,0.5333,77.72,53,95,0.98
142,Tasiilaq,GL,2022-07-29 19:30:21,65.6145,-37.6368,44.76,83,78,2.95
143,Opuwo,NA,2022-07-29 19:30:22,-18.0607,13.84,62.26,26,8,5.7
144,Saint-Pierre,RE,2022-07-29 19:30:22,-21.3393,55.4781,70.92,71,0,13.8
145,Codrington,AU,2022-07-29 19:30:22,-38.2667,141.9667,37.47,85,2,10.98
146,Sioux Lookout,CA,2022-07-29 19:30:23,50.1001,-91.917,68.07,64,40,2.3
147,Pedasi,PA,2022-07-29 19:30:23,7.5333,-80.0333,81.99,74,50,6.98
148,Puerto Carreno,CO,2022-07-29 19:30:23,6.189,-67.4859,84.18,70,20,2.3
149,Bethel,US,2022-07-29 19:30:23,41.3712,-73.414,88.34,54,0,9.22
150,Atuona,PF,2022-07-29 19:30:24,-9.8,-139.0333,77.09,71,21,21.94
151,Neryungri,RU,2022-07-29 19:30:24,56.6709,124.6491,53.4,88,0,5.66
152,Hobyo,SO,2022-07-29 19:30:24,5.3505,48.5268,75.92,86,99,26.02
153,Yellowknife,CA,2022-07-29 19:30:25,62.456,-114.3525,68.52,34,75,10.36
154,Xianyang,CN,2022-07-29 19:30:25,34.3378,108.7026,78.04,69,0,15.66
155,Pochutla,MX,2022-07-29 19:30:25,15.7432,-96.4661,85.82,80,82,7.07
156,Ulladulla,AU,2022-07-29 19:30:26,-35.35,150.4667,41.86,72,4,5.79
157,Half Moon Bay,US,2022-07-29 19:30:20,37.4636,-122.4286,80.91,76,100,12.66
158,Luanda,AO,2022-07-29 19:30:26,-8.8368,13.2343,68.31,89,0,12.01
159,Kewanee,US,2022-07-29 19:30:26,41.2456,-89.9248,81.79,43,29,11.36
160,Vila Franca Do Campo,PT,2022-07-29 19:30:26,37.7167,-25.4333,77.41,72,77,3.13
161,Gangtok,IN,2022-07-29 19:30:27,27.3333,88.6167,63.0,92,100,3.06
162,Ketchikan,US,2022-07-29 19:30:27,55.3422,-131.6461,66.67,88,100,5.75
163,Helena,US,2022-07-29 19:30:27,46.5927,-112.0361,93.61,27,0,5.75
164,Nanortalik,GL,2022-07-29 19:30:28,60.1432,-45.2371,47.23,81,97,12.88
165,Yumen,CN,2022-07-29 19:30:28,40.2833,97.2,77.0,23,100,9.91
166,Yar-Sale,RU,2022-07-29 19:30:28,66.8333,70.8333,65.73,71,42,7.47
167,Thompson,CA,2022-07-29 19:30:29,55.7435,-97.8558,68.16,73,100,12.66
168,Cururupu,BR,2022-07-29 19:30:29,-1.8283,-44.8683,82.85,70,7,5.41
169,Beloha,MG,2022-07-29 19:30:29,-25.1667,45.05,66.27,85,28,14.0
170,Sisimiut,GL,2022-07-29 19:30:30,66.9395,-53.6735,46.92,84,100,2.04
171,Coquimbo,CL,2022-07-29 19:30:30,-29.9533,-71.3436,56.93,82,100,2.3
172,Gainesville,US,2022-07-29 19:30:30,29.6516,-82.3248,98.02,47,0,4.61
173,Aden,YE,2022-07-29 19:25:40,12.7794,45.0367,86.63,70,43,5.03
174,Vanavara,RU,2022-07-29 19:30:31,60.34,102.2797,60.69,95,100,1.54
175,Poronaysk,RU,2022-07-29 19:30:31,49.2167,143.1167,59.14,99,100,1.86
176,Constitucion,CL,2022-07-29 19:30:31,-35.3333,-72.4167,57.33,61,99,11.14
177,Usevya,TZ,2022-07-29 19:30:31,-7.1,31.2333,73.33,45,66,0.43
178,Belem De Sao Francisco,BR,2022-07-29 19:30:32,-8.7539,-38.9658,84.83,45,47,20.83
179,Taksimo,RU,2022-07-29 19:25:53,56.3444,114.8794,55.08,91,84,0.47
180,Jalu,LY,2022-07-29 19:30:32,29.0331,21.5482,89.4,24,0,12.15
181,Ponta Do Sol,PT,2022-07-29 19:30:32,32.6667,-17.1,75.83,79,1,3.83
182,Pierre,US,2022-07-29 19:27:12,44.3683,-100.351,86.92,37,0,17.27
183,Mayumba,GA,2022-07-29 19:30:33,-3.432,10.6554,70.61,90,24,4.23
184,High Level,CA,2022-07-29 19:31:33,58.5169,-117.136,68.11,68,75,8.05
185,Faya,SA,2022-07-29 19:31:34,18.3851,42.4509,69.91,58,100,1.39
186,Ribeira Brava,PT,2022-07-29 19:31:34,32.65,-17.0667,75.83,81,1,4.21
187,Ascope,PE,2022-07-29 19:31:34,-7.7144,-79.1078,63.73,55,20,7.74
188,Strezhevoy,RU,2022-07-29 19:31:35,60.7333,77.5889,56.86,84,7,7.23
189,Galesong,ID,2022-07-29 19:31:35,-5.3166,119.3661,71.62,77,25,4.59
190,Marawi,PH,2022-07-29 19:31:35,7.9986,124.2928,69.26,92,100,4.5
191,Sao Francisco,BR,2022-07-29 19:31:36,-15.9486,-44.8644,85.46,22,57,4.79
192,Linxi,CN,2022-07-29 19:31:36,39.7,118.4333,70.12,96,0,5.37
193,Broome,US,2022-07-29 19:31:36,42.2506,-75.833,87.71,43,75,8.05
194,Kidal,ML,2022-07-29 19:31:36,18.4411,1.4078,90.86,38,65,6.51
195,Akyab,MM,2022-07-29 19:31:37,20.15,92.9,83.03,79,100,6.78
196,Rokytne,UA,2022-07-29 19:31:37,51.2796,27.214,62.26,80,85,4.52
197,Pangody,RU,2022-07-29 19:31:37,65.85,74.4859,62.51,62,10,5.82
198,Vestmannaeyjar,IS,2022-07-29 19:31:38,63.4427,-20.2734,54.59,76,75,6.91
199,Alekseyevsk,RU,2022-07-29 19:31:38,57.8406,108.3492,58.59,88,100,2.98
200,Mayo,US,2022-07-29 19:31:38,38.8876,-76.5119,90.36,80,75,4.61
201,Georgetown,MY,2022-07-29 19:30:04,5.4112,100.3354,84.13,91,20,0.0
202,Puerto Baquerizo Moreno,EC,2022-07-29 19:31:39,-0.9,-89.6,74.39,73,75,13.8
203,Tagusao,PH,2022-07-29 19:31:39,9.1924,117.8141,80.28,83,100,7.25
204,Chuy,UY,2022-07-29 19:31:39,-33.6971,-53.4616,53.22,76,0,6.08
205,Airai,TL,2022-07-29 19:31:40,-8.9266,125.4092,54.57,88,51,3.53
206,Noumea,NC,2022-07-29 19:31:40,-22.2763,166.4572,73.0,99,95,7.96
207,Severnoye,RU,2022-07-29 19:31:41,56.3491,78.3619,55.54,88,88,6.82
208,Chokurdakh,RU,2022-07-29 19:31:42,70.6333,147.9167,50.72,84,100,10.92
209,Havoysund,NO,2022-07-29 19:31:42,70.9963,24.6622,53.83,72,100,1.41
210,Havelock,US,2022-07-29 19:31:42,34.8791,-76.9013,91.38,76,20,18.41
211,Kapaa,US,2022-07-29 19:31:43,22.0752,-159.319,82.72,72,40,10.36
212,Esperance,AU,2022-07-29 19:31:43,-33.8667,121.9,51.93,73,23,23.94
213,Zhangye,CN,2022-07-29 19:31:43,38.9342,100.4517,73.51,37,58,1.23
214,Ibra,OM,2022-07-29 19:31:43,22.6906,58.5334,80.92,64,100,8.14
215,Kaniama,CD,2022-07-29 19:31:44,-7.5667,24.1833,73.76,28,33,3.24
216,Salalah,OM,2022-07-29 19:31:44,17.0151,54.0924,77.09,88,75,4.61
217,Kloulklubed,PW,2022-07-29 19:31:44,7.0419,134.2556,75.7,73,100,11.92
218,Talas,TR,2022-07-29 19:31:45,38.6908,35.5538,74.07,33,0,5.75
219,Talnakh,RU,2022-07-29 19:31:45,69.4865,88.3972,61.21,78,2,3.69
220,Guerrero Negro,MX,2022-07-29 19:31:45,27.9769,-114.0611,78.13,56,89,11.68
221,Hirara,JP,2022-07-29 19:31:46,24.8,125.2833,84.78,74,43,4.32
222,Marevo,RU,2022-07-29 19:31:46,57.3146,32.0804,52.14,82,37,4.47
223,Husavik,IS,2022-07-29 19:31:46,66.0449,-17.3389,42.57,86,100,9.48
224,Antalaha,MG,2022-07-29 19:31:47,-14.9003,50.2788,68.83,87,91,6.82
225,Port Hedland,AU,2022-07-29 19:31:32,-20.3167,118.5667,55.45,94,2,4.61
226,Kutum,SD,2022-07-29 19:31:47,14.2,24.6667,75.87,66,99,6.6
227,Bengkulu,ID,2022-07-29 19:31:47,-3.8004,102.2655,75.29,80,100,4.52
228,Torbay,CA,2022-07-29 19:32:48,47.6666,-52.7314,64.76,77,75,8.01
229,Dolores,AR,2022-07-29 19:32:48,-36.3132,-57.6792,56.84,60,0,7.02
230,Ancud,CL,2022-07-29 19:32:48,-41.8697,-73.8203,50.23,77,52,7.45
231,Cayenne,GF,2022-07-29 19:32:49,4.9333,-52.3333,85.08,10,19,4.61
232,Puerto Escondido,MX,2022-07-29 19:30:34,15.85,-97.0667,85.03,65,75,5.75
233,Qaanaaq,GL,2022-07-29 19:32:49,77.484,-69.3632,41.45,58,2,0.6
234,Asau,RO,2022-07-29 19:32:49,46.4333,26.4,69.28,91,95,2.95
235,Isangel,VU,2022-07-29 19:32:50,-19.55,169.2667,74.14,78,100,6.08
236,Malmesbury,ZA,2022-07-29 19:32:50,-33.4608,18.7271,51.78,87,92,1.21
237,Shubarshi,KZ,2022-07-29 19:32:50,48.5872,57.1869,71.37,55,4,12.33
238,Grand Forks,US,2022-07-29 19:32:51,47.9417,-97.4337,78.73,41,20,8.05
239,Black Diamond,US,2022-07-29 19:32:51,47.3087,-122.0032,91.47,55,0,5.01
240,Eyemouth,GB,2022-07-29 19:32:51,55.8713,-2.0901,66.81,82,74,11.95
241,Margate,GB,2022-07-29 19:32:51,51.3813,1.3862,65.89,76,9,3.0
242,Lagonoy,PH,2022-07-29 19:32:52,13.7342,123.5207,78.3,95,100,3.96
243,Hopkinsville,US,2022-07-29 19:32:52,36.8656,-87.4886,82.35,77,97,6.4
244,Sulangan,PH,2022-07-29 19:32:52,11.1373,123.7228,84.09,75,99,11.01
245,Miyako,JP,2022-07-29 19:32:53,39.6367,141.9525,71.65,94,86,3.76
246,Sumbe,AO,2022-07-29 19:32:53,-11.2061,13.8437,68.65,84,0,6.91
247,Darnah,LY,2022-07-29 19:32:53,32.767,22.6367,79.27,83,0,15.1
248,Shihezi,CN,2022-07-29 19:32:54,44.3,86.0333,82.54,33,100,8.66
249,Meadow Lake,US,2022-07-29 19:32:54,34.8014,-106.5436,85.66,44,40,1.72
250,Carnarvon,AU,2022-07-29 19:32:54,-24.8667,113.6333,64.98,83,98,18.45
251,Issa,RU,2022-07-29 19:32:54,53.8705,44.8578,63.88,97,16,6.98
252,Tahlequah,US,2022-07-29 19:28:37,35.9154,-94.97,74.48,88,75,0.0
253,Lasa,IT,2022-07-29 19:32:55,46.6166,10.7002,63.48,94,100,3.4
254,Carutapera,BR,2022-07-29 19:32:55,-1.195,-46.02,82.02,75,57,8.3
255,Zwedru,LR,2022-07-29 19:32:55,6.0667,-8.1281,75.38,70,100,4.05
256,Dalvik,IS,2022-07-29 19:32:56,65.9702,-18.5286,46.33,90,100,8.88
257,Coihaique,CL,2022-07-29 19:32:56,-45.5752,-72.0662,49.95,53,20,9.22
258,Henties Bay,NA,2022-07-29 19:32:56,-22.116,14.2845,54.5,82,27,9.04
259,Iracoubo,GF,2022-07-29 19:32:57,5.4802,-53.2011,80.69,74,22,10.83
260,San Cristobal,VE,2022-07-29 19:32:57,7.7669,-72.225,80.78,54,38,6.71
261,Tarko-Sale,RU,2022-07-29 19:32:57,64.9225,77.785,63.91,73,1,8.1
262,Skibbereen,IE,2022-07-29 19:32:57,51.55,-9.2667,62.11,97,100,11.03
263,Wichita Falls,US,2022-07-29 19:32:58,33.9137,-98.4934,102.33,31,0,10.36
264,Goderich,CA,2022-07-29 19:32:58,43.7501,-81.7165,74.91,56,5,8.05
265,Catamarca,AR,2022-07-29 19:32:58,-28.4696,-65.7852,74.77,30,8,3.0
266,Kavieng,PG,2022-07-29 19:32:59,-2.5744,150.7967,81.21,69,47,13.65
267,Lishu,CN,2022-07-29 19:32:59,43.3047,124.3278,70.16,98,100,7.27
268,Lagoa,PT,2022-07-29 19:30:20,39.05,-27.9833,73.02,67,0,1.41
269,Porto Franco,BR,2022-07-29 19:32:59,-6.3383,-47.3992,96.64,24,61,0.25
270,Tiznit,MA,2022-07-29 19:33:00,29.5833,-9.5,80.83,45,0,2.57
271,Vila Velha,BR,2022-07-29 19:28:38,-20.3297,-40.2925,89.55,44,0,9.22
272,Bannu,PK,2022-07-29 19:33:00,32.9854,70.6027,89.4,61,98,7.14
273,Bulawayo,ZW,2022-07-29 19:33:00,-20.15,28.5833,53.17,33,0,5.66
274,Ca Mau,VN,2022-07-29 19:33:38,9.1769,105.15,78.48,90,36,3.89
275,Viedma,AR,2022-07-29 19:34:01,-40.8135,-62.9967,63.28,30,0,5.97
276,Fuyang,CN,2022-07-29 19:34:01,32.9,115.8167,73.99,96,2,5.19
277,Poum,NC,2022-07-29 19:34:01,-20.2333,164.0167,72.55,80,100,14.85
278,Nyurba,RU,2022-07-29 19:34:02,63.2842,118.3319,68.95,76,100,4.34
279,Westport,US,2022-07-29 19:29:06,41.1415,-73.3579,87.46,58,0,11.5
280,Jiayuguan,CN,2022-07-29 19:34:02,39.8167,98.3,74.98,22,99,3.94
281,Payyannur,IN,2022-07-29 19:34:03,12.1,75.2,78.82,92,42,5.37
282,Chapleau,CA,2022-07-29 19:34:03,47.8405,-83.4034,59.09,94,100,9.22
283,Sinnamary,GF,2022-07-29 19:34:03,5.3833,-52.95,78.26,76,76,7.4
284,Wick,GB,2022-07-29 19:34:04,58.4333,-3.0833,60.85,82,66,10.36
285,Narsaq,GL,2022-07-29 19:34:04,60.9167,-46.05,62.82,64,74,5.39
286,Cody,US,2022-07-29 19:34:04,44.5263,-109.0565,90.59,23,0,7.0
287,Katobu,ID,2022-07-29 19:34:05,-4.9408,122.5276,74.03,85,99,4.05
288,Sabang,ID,2022-07-29 19:34:06,5.8933,95.3214,81.34,75,40,21.36
289,Jishou,CN,2022-07-29 19:34:06,28.3167,109.7167,75.61,91,98,1.43
290,Puerto Quijarro,BO,2022-07-29 19:34:06,-17.7833,-57.7667,83.26,37,6,7.52
291,Tlacotepec,MX,2022-07-29 19:34:07,20.0667,-97.8667,69.26,84,88,5.19
292,Castro,BR,2022-07-29 19:34:07,-24.7911,-50.0119,57.9,48,0,7.4
293,Cidreira,BR,2022-07-29 19:34:07,-30.1811,-50.2056,54.95,74,95,17.45
294,Niquelandia,BR,2022-07-29 19:34:08,-14.4739,-48.4597,86.27,19,75,6.42
295,Awjilah,LY,2022-07-29 19:34:08,29.1081,21.2869,87.64,32,0,12.35
296,Kalmunai,LK,2022-07-29 19:34:08,7.4167,81.8167,79.57,80,100,7.9
297,Usinsk,RU,2022-07-29 19:34:09,65.9939,57.5281,66.96,83,98,9.44
298,Inhambane,MZ,2022-07-29 19:34:09,-23.865,35.3833,60.78,100,20,0.0
299,Fairbanks,US,2022-07-29 19:30:03,64.8378,-147.7164,64.6,57,20,6.91
300,Luebo,CD,2022-07-29 19:34:09,-5.35,21.4167,77.2,32,9,2.24
301,Klaksvik,FO,2022-07-29 19:34:10,62.2266,-6.589,56.32,91,100,28.23
302,Springdale,US,2022-07-29 19:34:10,36.1867,-94.1288,79.72,92,40,4.61
303,Iranshahr,IR,2022-07-29 19:34:10,27.2025,60.6848,80.94,83,100,4.61
304,Nuevo Progreso,MX,2022-07-29 19:34:10,23.1667,-97.95,93.54,49,76,7.0
305,Necochea,AR,2022-07-29 19:30:05,-38.5473,-58.7368,53.78,67,0,9.48
306,Ahipara,NZ,2022-07-29 19:34:11,-35.1667,173.1667,52.02,85,42,7.74
307,Bahir Dar,ET,2022-07-29 19:34:11,11.5936,37.3908,61.02,92,100,2.55
308,Russell,US,2022-07-29 19:34:11,32.3502,-85.1999,92.91,58,40,5.75
309,Qurayyat,SA,2022-07-29 19:34:12,31.3318,37.3428,91.58,25,0,18.41
310,Yulara,AU,2022-07-29 19:34:12,-25.2406,130.9889,49.21,35,88,5.64
311,Cao Bang,VN,2022-07-29 19:34:12,22.6667,106.25,73.53,94,81,1.5
312,Grand Gaube,MU,2022-07-29 19:34:13,-20.0064,57.6608,70.38,69,84,7.0
313,Rawson,AR,2022-07-29 19:30:50,-43.3002,-65.1023,56.03,42,100,14.23
314,Almaznyy,RU,2022-07-29 19:34:13,48.0448,40.045,74.17,57,60,11.63
315,Takoradi,GH,2022-07-29 19:34:14,4.8845,-1.7554,74.79,76,99,11.1
316,Susanville,US,2022-07-29 19:34:14,40.4163,-120.653,98.82,15,0,5.01
317,Karratha,AU,2022-07-29 19:34:14,-20.7377,116.8463,66.96,49,3,3.56
318,Son La,VN,2022-07-29 19:34:14,21.3167,103.9,72.52,97,100,1.7
319,Gamba,GA,2022-07-29 19:35:15,-2.65,10.0,70.3,92,58,4.0
320,Yaan,NG,2022-07-29 19:35:15,7.3833,8.5667,73.4,91,99,2.86
321,Portland,US,2022-07-29 19:31:30,45.5234,-122.6762,96.58,51,0,3.44
322,Samarai,PG,2022-07-29 19:35:15,-10.6167,150.6667,79.29,82,98,9.4
323,West Monroe,US,2022-07-29 19:35:16,32.5185,-92.1476,98.02,43,0,5.75
324,Mae Hong Son,TH,2022-07-29 19:35:16,19.3003,97.9685,74.05,96,100,0.83
325,Antsohihy,MG,2022-07-29 19:35:16,-14.8796,47.9875,73.45,59,38,3.94
326,Anloga,GH,2022-07-29 19:35:17,5.7947,0.8973,75.47,78,97,14.12
327,Souillac,MU,2022-07-29 19:35:17,-20.5167,57.5167,70.18,78,40,14.97
328,Sobolevo,RU,2022-07-29 19:35:17,54.4299,31.8996,54.25,86,2,4.68
329,Alvorada,BR,2022-07-29 19:35:18,-12.48,-49.1247,91.54,18,81,4.43
330,Male,MV,2022-07-29 19:35:18,4.1748,73.5089,81.61,79,99,15.1
331,Zafarwal,PK,2022-07-29 19:35:18,32.3463,74.8999,81.63,92,80,8.37
332,Praia Da Vitoria,PT,2022-07-29 19:35:18,38.7333,-27.0667,77.25,78,75,2.66
333,Chumikan,RU,2022-07-29 19:35:19,54.7183,135.315,63.45,99,100,7.4
334,Jaque,PA,2022-07-29 19:35:19,7.5175,-78.1703,82.02,75,95,4.81
335,Waingapu,ID,2022-07-29 19:35:19,-9.6567,120.2641,71.37,88,68,8.63
336,Powell River,CA,2022-07-29 19:31:18,49.8496,-124.5361,87.33,61,0,5.75
337,Zheleznodorozhnyy,RU,2022-07-29 19:35:20,55.7503,38.0042,66.38,78,1,6.58
338,Channel-Port Aux Basques,CA,2022-07-29 19:35:20,47.5702,-59.1367,65.08,86,100,17.65
339,Hambantota,LK,2022-07-29 19:35:20,6.1241,81.1185,78.48,87,100,9.1
340,Pandhana,IN,2022-07-29 19:35:21,21.7,76.2167,78.03,85,97,6.31
341,Neepawa,CA,2022-07-29 19:35:22,50.2289,-99.4664,75.6,51,6,9.55
342,Magistralnyy,RU,2022-07-29 19:35:22,56.1725,107.4458,55.02,95,100,4.12
343,Novo Aripuana,BR,2022-07-29 19:35:23,-5.1206,-60.3797,96.62,25,11,3.13
344,Baruun-Urt,MN,2022-07-29 19:35:23,46.6806,113.2792,60.85,71,54,6.73
345,Dire Dawa,ET,2022-07-29 19:33:15,9.5931,41.8661,72.93,68,56,10.25
346,Abu Dhabi,AE,2022-07-29 19:30:47,24.4667,54.3667,93.31,73,0,5.75
347,Carora,VE,2022-07-29 19:35:23,10.1755,-70.0827,93.27,34,90,11.9
348,Billings,US,2022-07-29 19:32:20,45.7833,-108.5007,94.51,24,20,4.61
349,Sao Joao Da Barra,BR,2022-07-29 19:35:24,-21.6403,-41.0511,78.89,66,4,12.75
350,Indramayu,ID,2022-07-29 19:35:24,-6.3264,108.32,77.59,79,29,7.61
351,Conceicao Do Araguaia,BR,2022-07-29 19:35:24,-8.2578,-49.2647,96.98,19,12,0.45
352,Chilliwack,CA,2022-07-29 19:31:21,49.1747,-121.9443,94.35,50,0,2.3
353,Tilichiki,RU,2022-07-29 19:35:25,60.4667,166.1,51.76,93,100,25.17
354,Morant Bay,JM,2022-07-29 19:35:25,17.8815,-76.4093,88.72,68,11,13.56
355,Jiuquan,CN,2022-07-29 19:35:25,39.7432,98.5174,75.58,22,99,5.26
356,Simpang,ID,2022-07-29 19:35:26,-1.2667,104.0833,74.34,99,100,2.64
357,Dawlatabad,AF,2022-07-29 19:35:26,36.4141,64.9053,86.74,20,99,3.98
358,Saint-Francois,FR,2022-07-29 19:35:26,46.4154,3.9054,74.64,46,0,3.44
359,Mangan,IN,2022-07-29 19:35:26,27.5167,88.5333,73.81,90,100,2.93
360,Villa Carlos Paz,AR,2022-07-29 19:35:27,-31.4241,-64.4978,71.38,14,100,14.0
361,San Ignacio,BZ,2022-07-29 19:35:27,17.1561,-89.0714,91.54,55,40,4.61
362,Phan Thiet,VN,2022-07-29 19:35:27,10.9333,108.1,78.26,87,76,7.56
363,Zhuhai,CN,2022-07-29 19:35:28,22.2769,113.5678,87.58,84,20,6.91
364,Mareeba,AU,2022-07-29 19:34:58,-17.0,145.4333,63.32,91,40,2.64
365,Ciudad Real,ES,2022-07-29 19:35:28,39.0,-4.0,95.05,12,0,7.0
366,Nemuro,JP,2022-07-29 19:35:28,43.3236,145.575,64.53,96,100,8.14
367,Bilma,NE,2022-07-29 19:36:29,18.6853,12.9164,94.37,24,54,10.85
368,Kalemie,CD,2022-07-29 19:36:29,-5.9475,29.1947,75.07,57,99,0.83
369,Hofn,IS,2022-07-29 19:36:29,64.2539,-15.2082,50.54,83,100,16.4
370,Goldap,PL,2022-07-29 19:36:30,54.3063,22.3036,53.64,79,98,3.2
371,Skjervoy,NO,2022-07-29 19:36:30,70.0311,20.9714,55.4,73,100,3.42
372,Isla Mujeres,MX,2022-07-29 19:36:30,21.2311,-86.731,84.25,80,100,14.32
373,Aksu,CN,2022-07-29 19:36:31,41.1231,80.2644,77.95,42,100,10.45
374,Penzance,GB,2022-07-29 19:35:11,50.1186,-5.5371,69.76,83,94,7.49
375,Lethem,GY,2022-07-29 19:36:31,3.3803,-59.7968,76.53,90,100,3.6
376,Premia De Mar,ES,2022-07-29 19:36:31,41.4921,2.3652,79.32,80,14,5.99
377,Moose Factory,CA,2022-07-29 19:36:32,51.2585,-80.6094,58.98,94,100,10.36
378,Pacific Grove,US,2022-07-29 19:36:32,36.6177,-121.9166,76.39,83,40,13.8
379,Acapulco,MX,2022-07-29 19:34:21,16.8634,-99.8901,84.02,79,75,6.91
380,Port-Gentil,GA,2022-07-29 19:36:32,-0.7193,8.7815,75.16,83,75,6.91
381,Sishui,CN,2022-07-29 19:36:33,35.6489,117.2758,71.38,96,22,5.01
382,Morondava,MG,2022-07-29 19:36:33,-20.2833,44.2833,73.53,71,96,7.07
383,Alice Springs,AU,2022-07-29 19:36:33,-23.7,133.8833,40.55,48,100,0.0
384,Manokwari,ID,2022-07-29 19:36:34,-0.8667,134.0833,79.41,75,98,3.36
385,Kula,TR,2022-07-29 19:36:34,38.5473,28.6498,76.41,38,2,6.87
386,Mount Gambier,AU,2022-07-29 19:36:34,-37.8333,140.7667,39.83,75,0,9.42
387,Saint Anthony,US,2022-07-29 19:36:34,45.0205,-93.218,79.9,47,75,12.66
388,Aron,IN,2022-07-29 19:36:35,24.3833,77.4167,75.6,89,100,7.61
389,Brae,GB,2022-07-29 19:36:35,60.3964,-1.353,57.13,84,12,20.24
390,Vangaindrano,MG,2022-07-29 19:36:35,-23.35,47.6,64.71,92,26,2.73
391,Bomet,KE,2022-07-29 19:36:36,-0.7813,35.3416,55.13,95,100,2.98
392,Fortuna,US,2022-07-29 19:36:36,40.5982,-124.1573,70.93,74,0,10.36
393,Tanout,NE,2022-07-29 19:36:36,14.9709,8.8879,88.86,38,0,8.14
394,Pandan,PH,2022-07-29 19:36:37,14.0453,124.1694,80.85,86,100,9.53
395,Monte Patria,CL,2022-07-29 19:36:37,-30.6919,-70.9467,69.17,36,98,3.89
396,Berezovyy,RU,2022-07-29 19:36:37,51.6667,135.7,68.11,98,100,2.15
397,Sterlibashevo,RU,2022-07-29 19:36:38,53.4376,55.2578,60.58,82,90,2.75
398,Jacareacanga,BR,2022-07-29 19:36:38,-6.2222,-57.7528,96.31,25,27,2.64
399,Arandis,NA,2022-07-29 19:36:38,-22.4167,14.9667,51.71,61,36,1.52
400,Trinidad,BO,2022-07-29 19:36:38,-14.8333,-64.9,87.73,31,18,6.71
401,Hamilton,US,2022-07-29 19:36:39,39.1834,-84.5333,84.65,55,75,12.66
402,Tapejara,BR,2022-07-29 19:36:39,-28.0681,-52.0139,52.18,75,99,8.16
403,Rozkishne,UA,2022-07-29 19:36:39,48.5074,39.3004,71.98,56,68,8.66
404,Nokha,IN,2022-07-29 19:36:40,27.6,73.4167,85.53,60,100,17.13
405,Katherine,AU,2022-07-29 19:36:40,-14.4667,132.2667,59.32,67,44,6.91
406,Voka,EE,2022-07-29 19:36:40,59.3997,27.5817,59.58,71,27,10.51
407,Amungan,PH,2022-07-29 19:36:41,15.3652,119.9582,80.02,85,89,7.36
408,Simao,CN,2022-07-29 19:36:41,22.7886,100.9748,66.4,91,100,0.34
409,San Juan De Abajo,MX,2022-07-29 19:36:41,20.8167,-105.1833,91.67,66,75,10.36
410,Ngunguru,NZ,2022-07-29 19:36:41,-35.6167,174.5,53.53,79,59,7.54
411,Black Forest,US,2022-07-29 19:36:42,39.0131,-104.7008,76.75,57,75,11.5
412,Borogontsy,RU,2022-07-29 19:36:42,62.6683,131.1683,68.52,69,52,2.71
413,Pitimbu,BR,2022-07-29 19:36:42,-7.4706,-34.8086,81.19,85,81,11.01
414,Millbrook,US,2022-07-29 19:37:43,32.4799,-86.3619,95.2,60,75,6.91
415,Hami,CN,2022-07-29 19:37:43,42.8,93.45,85.59,21,87,17.05
416,Thinadhoo,MV,2022-07-29 19:37:43,0.5333,72.9333,80.33,79,100,19.77
417,Illapel,CL,2022-07-29 19:37:44,-31.6308,-71.1653,65.19,51,100,4.16
418,Gimli,CA,2022-07-29 19:37:44,50.6336,-96.9907,74.52,55,8,10.92
419,Kamenka,RU,2022-07-29 19:37:44,51.3223,42.7678,65.66,82,47,8.59
420,George Town,MY,2022-07-29 19:36:13,5.4112,100.3354,84.13,91,20,0.0
421,Leh,IN,2022-07-29 19:37:45,34.1667,77.5833,63.95,57,62,5.61
422,Thurso,GB,2022-07-29 19:37:45,58.5927,-3.5259,61.05,82,79,9.57
423,Gisborne,NZ,2022-07-29 19:37:45,-38.6533,178.0042,49.41,77,100,5.66
424,Cap Malheureux,MU,2022-07-29 19:37:45,-19.9842,57.6142,70.47,69,75,7.0
425,Mayor Pablo Lagerenza,PY,2022-07-29 19:37:46,-19.9309,-60.7718,77.9,16,8,7.58
426,Zhangjiakou,CN,2022-07-29 19:37:46,40.81,114.8794,67.1,92,1,5.64
427,North Bend,US,2022-07-29 19:37:46,43.4065,-124.2243,78.93,85,0,14.97
428,Iganga,UG,2022-07-29 19:37:47,0.6092,33.4686,66.33,85,99,1.5
429,Tommot,RU,2022-07-29 19:37:47,58.9564,126.2925,60.71,88,0,3.8
430,Awbari,LY,2022-07-29 19:37:47,26.5921,12.7805,88.7,14,0,3.8
431,Lebork,PL,2022-07-29 19:35:07,54.5392,17.7501,60.93,75,96,9.19
432,Sasovo,RU,2022-07-29 19:37:48,54.3537,41.9199,61.39,75,12,7.36
433,Farafangana,MG,2022-07-29 19:37:48,-22.8167,47.8333,66.15,90,21,2.19
434,Nodeland,NO,2022-07-29 19:37:48,58.1552,7.8358,62.46,67,0,1.14
435,Petropavlovsk-Kamchatskiy,RU,2022-07-29 19:37:49,53.0452,158.6483,54.19,94,75,4.47
436,Winnemucca,US,2022-07-29 19:37:49,40.973,-117.7357,98.65,12,0,13.8
437,Karatau,KZ,2022-07-29 19:37:49,43.1667,70.4667,75.88,40,84,3.47
438,The Pas,CA,2022-07-29 19:37:49,53.8251,-101.2541,84.22,42,20,11.5
439,Gornyy,RU,2022-07-29 19:37:50,55.1153,83.9059,59.67,95,8,5.99
440,Sessa Aurunca,IT,2022-07-29 19:37:50,41.2408,13.9328,80.82,79,0,1.5
441,Grindavik,IS,2022-07-29 19:37:50,63.8424,-22.4338,55.35,66,40,24.16
442,Stromness,GB,2022-07-29 19:35:03,58.965,-3.296,58.96,86,92,10.0
443,Bontang,ID,2022-07-29 19:34:50,0.1333,117.5,77.47,89,96,2.91
444,Lorengau,PG,2022-07-29 19:37:51,-2.0226,147.2712,81.0,74,71,10.31
445,Pakhtakoron,TJ,2022-07-29 19:37:51,40.1571,68.7466,76.89,36,0,5.12
446,Trairi,BR,2022-07-29 19:34:31,-3.2778,-39.2689,80.58,69,25,12.77
447,Tulskiy,RU,2022-07-29 19:37:51,44.5094,40.1762,70.75,62,0,4.83
448,Bardiyah,LY,2022-07-29 19:37:52,31.7561,25.0865,78.75,75,0,10.45
449,Zhigansk,RU,2022-07-29 19:37:52,66.7697,123.3711,62.19,85,16,11.54
450,Nkhata Bay,MW,2022-07-29 19:37:52,-11.6066,34.2907,67.05,71,88,2.75
451,Dallas,US,2022-07-29 19:36:46,32.7668,-96.7836,104.77,34,20,10.36
452,Tuy Hoa,VN,2022-07-29 19:37:53,13.0833,109.3,77.9,89,98,6.78
453,Ojinaga,MX,2022-07-29 19:37:53,29.5667,-104.4167,96.57,43,75,3.44
454,Bandarbeyla,SO,2022-07-29 19:37:53,9.4942,50.8122,76.41,85,90,30.13
455,Anadyr,RU,2022-07-29 19:37:54,64.75,177.4833,46.9,87,20,6.71
456,Tuatapere,NZ,2022-07-29 19:37:54,-46.1333,167.6833,35.42,93,96,0.76
457,Christchurch,NZ,2022-07-29 19:35:06,-43.5333,172.6333,35.47,100,97,3.44
458,Eureka,US,2022-07-29 19:36:08,40.8021,-124.1637,71.2,76,69,4.0
459,Ekhabi,RU,2022-07-29 19:37:54,53.5102,142.9671,61.81,96,100,4.23
460,Bundaberg,AU,2022-07-29 19:37:55,-24.85,152.35,49.21,84,98,1.01
461,Bol,TD,2022-07-29 19:38:55,13.4586,14.7147,81.48,72,100,15.5
462,Savonlinna,FI,2022-07-29 19:37:02,61.8699,28.88,59.05,94,100,11.5
463,College,US,2022-07-29 19:38:46,64.8569,-147.8028,66.0,57,40,6.91
464,Chicama,PE,2022-07-29 19:38:55,-7.8447,-79.1469,64.94,61,23,9.19
465,Kochubey,RU,2022-07-29 19:38:56,44.3861,46.5825,76.82,57,0,6.55
466,Zapresic,HR,2022-07-29 19:38:56,45.8564,15.8078,80.31,66,100,2.59
467,Bonthe,SL,2022-07-29 19:38:56,7.5264,-12.505,76.46,70,98,6.13
468,Puerto Narino,CO,2022-07-29 19:38:57,-3.7703,-70.3831,81.9,72,100,0.47
469,Zofingen,CH,2022-07-29 19:38:57,47.2878,7.9459,66.09,93,37,4.0
470,Sechura,PE,2022-07-29 19:38:57,-5.5569,-80.8222,74.79,56,0,15.26
471,Bud,US,2022-07-29 19:38:58,39.447,-86.1758,82.67,48,70,11.23
472,Bissau,GW,2022-07-29 19:37:37,11.8636,-15.5977,77.11,88,75,10.36
473,Sargatskoye,RU,2022-07-29 19:38:58,55.6101,73.4972,57.97,84,12,9.98
474,Osmena,PH,2022-07-29 19:38:58,10.5208,119.9258,82.56,77,100,8.95
475,Atkinson,US,2022-07-29 19:38:05,42.8384,-71.147,91.51,42,0,13.8
476,Fengzhen,CN,2022-07-29 19:38:59,40.4394,113.1536,65.57,71,13,5.88
477,Sangod,IN,2022-07-29 19:38:59,24.9167,76.2833,79.66,80,99,9.51
478,Langsa,ID,2022-07-29 19:38:59,4.4683,97.9683,75.63,97,100,2.33
479,Neiafu,TO,2022-07-29 19:39:00,-18.65,-173.9833,77.68,83,75,11.5
480,Monkey Bay,MW,2022-07-29 19:39:00,-14.0728,34.9201,70.48,52,2,12.53
481,Jiangyou,CN,2022-07-29 19:39:00,31.7667,104.7167,75.04,84,19,4.05
482,Bonavista,CA,2022-07-29 19:39:00,48.6499,-53.1147,57.54,81,80,10.56
483,Timra,SE,2022-07-29 19:39:01,62.487,17.3257,58.68,76,12,3.44
484,Griffith,US,2022-07-29 19:34:30,41.5284,-87.4237,82.11,55,75,8.05
485,Maltahohe,NA,2022-07-29 19:39:01,-24.8333,16.9833,50.2,28,95,8.32
486,Pustoshka,RU,2022-07-29 19:39:02,56.3355,29.369,56.46,72,85,4.5
487,Okoneshnikovo,RU,2022-07-29 19:39:02,54.8377,75.0834,60.48,85,8,11.23
488,Ngara,TZ,2022-07-29 19:39:02,-2.5122,30.6558,64.42,59,98,0.98
489,Kousseri,CM,2022-07-29 19:39:02,12.0769,15.0306,78.76,78,40,17.27
490,Lavrentiya,RU,2022-07-29 19:39:03,65.5833,-171.0,46.76,77,98,6.4
491,Oranjemund,NA,2022-07-29 19:39:03,-28.55,16.4333,54.14,85,1,1.81
492,Rundu,NA,2022-07-29 19:39:03,-17.9333,19.7667,61.45,29,6,5.12
493,Shishou,CN,2022-07-29 19:39:04,29.7226,112.419,76.19,86,0,5.57
494,Saint George,US,2022-07-29 19:37:19,37.1041,-113.5841,95.79,36,0,4.0
495,Tarabha,IN,2022-07-29 19:39:04,20.7333,83.65,80.35,80,34,3.24
496,Manta,EC,2022-07-29 19:39:04,-0.95,-80.7333,78.58,69,100,11.5
497,Syntul,RU,2022-07-29 19:39:05,55.0033,41.2971,60.21,77,9,4.63
498,Fort Nelson,CA,2022-07-29 19:39:05,58.8053,-122.7002,60.39,100,100,5.75
499,Ritchie,ZA,2022-07-29 19:39:05,-29.038,24.6028,51.01,29,35,8.03
500,Artesia,US,2022-07-29 19:39:06,33.8658,-118.0831,95.49,64,0,10.36
501,Siavonga,ZM,2022-07-29 19:39:06,-16.5382,28.7088,64.15,42,0,3.33
502,Eirunepe,BR,2022-07-29 19:39:06,-6.6603,-69.8736,88.25,50,68,1.25
503,Sept-Iles,CA,2022-07-29 19:34:18,50.2001,-66.3821,60.06,99,100,11.5
504,Asyut,EG,2022-07-29 19:39:07,27.181,31.1837,91.58,17,9,7.38
505,Iquitos,PE,2022-07-29 19:39:07,-3.7481,-73.2472,89.64,58,75,4.61
506,Pisco,PE,2022-07-29 19:40:07,-13.7,-76.2167,62.65,82,100,5.75
507,Smoky Lake,CA,2022-07-29 19:39:19,54.1169,-112.4686,75.92,64,17,8.05
508,Atbasar,KZ,2022-07-29 19:40:08,51.8,68.3333,63.18,93,100,9.6
509,Nosivka,UA,2022-07-29 19:40:08,50.9315,31.5828,67.62,61,89,5.01
510,Krynychky,UA,2022-07-29 19:40:08,48.3755,34.467,66.61,53,43,9.15
511,Nattam,IN,2022-07-29 19:40:08,10.2333,78.2333,79.25,88,99,5.57
512,Moses Lake,US,2022-07-29 19:36:21,47.1301,-119.2781,106.88,14,0,6.91
513,Hasaki,JP,2022-07-29 19:40:09,35.7333,140.8333,75.6,92,1,5.41
514,Te Anau,NZ,2022-07-29 19:40:09,-45.4167,167.7167,34.93,92,97,1.57
515,Colac,AU,2022-07-29 19:40:10,-38.3333,143.5833,40.08,91,58,3.67
516,Chabahar,IR,2022-07-29 19:40:10,25.2919,60.643,80.49,83,100,7.63
517,Ashland,US,2022-07-29 19:40:10,40.8167,-82.2665,80.87,57,28,9.35
518,Chake Chake,TZ,2022-07-29 19:40:11,-5.2459,39.7666,72.48,84,19,7.76
519,Riverton,US,2022-07-29 19:37:30,40.5219,-111.9391,95.79,28,0,5.75
520,Hailar,CN,2022-07-29 19:40:11,49.2,119.7,63.32,89,100,5.03
521,Biltine,TD,2022-07-29 19:40:11,14.5333,20.9167,75.65,78,100,10.63
522,Sao Filipe,CV,2022-07-29 19:40:12,14.8961,-24.4956,77.41,80,62,11.27
523,Mumford,GH,2022-07-29 19:40:12,5.2618,-0.759,74.25,79,99,14.92
524,Obidos,BR,2022-07-29 19:40:12,-1.9175,-55.5181,91.51,41,9,4.65
525,Bressanone,IT,2022-07-29 19:40:13,46.715,11.656,66.18,96,100,4.41
526,Qasigiannguit,GL,2022-07-29 19:40:13,68.8193,-51.1922,52.05,64,100,2.62
527,Mandra,GR,2022-07-29 19:40:13,38.0667,23.5,84.87,30,0,3.44
528,Sao Miguel,BR,2022-07-29 19:40:14,-5.4667,-35.3667,77.77,81,97,12.93
529,Khudumelapye,BW,2022-07-29 19:40:14,-23.8833,24.75,60.13,32,4,6.06
530,Hermiston,US,2022-07-29 19:40:01,45.8404,-119.2895,109.63,12,0,4.97
531,Khasan,RU,2022-07-29 19:40:14,42.4308,130.6434,71.26,98,87,1.12
532,Beringovskiy,RU,2022-07-29 19:40:15,63.05,179.3167,48.49,80,84,2.77
533,Zhezkazgan,KZ,2022-07-29 19:40:15,47.8043,67.7144,69.89,39,100,5.37
534,Les Cayes,HT,2022-07-29 19:40:15,18.2,-73.75,86.22,60,0,12.12
535,Barranca,PE,2022-07-29 19:40:16,-10.75,-77.7667,65.7,69,11,9.73
536,Preobrazheniye,RU,2022-07-29 19:40:16,42.9019,133.9064,68.76,87,1,6.98
537,Torrelavega,ES,2022-07-29 19:40:16,43.3494,-4.0479,71.94,79,15,3.0
538,Huarmey,PE,2022-07-29 19:40:17,-10.0681,-78.1522,67.5,70,4,8.39
539,Ugoofaaru,MV,2022-07-29 19:40:17,5.6667,73.0,81.25,80,98,15.79
540,Mabaruma,GY,2022-07-29 19:40:17,8.2,-59.7833,80.01,90,26,5.01
541,Corrales,US,2022-07-29 19:40:17,35.2378,-106.6067,87.22,43,40,5.75
542,Dingle,PH,2022-07-29 19:40:18,10.9995,122.6711,76.84,89,65,7.65
543,Umea,SE,2022-07-29 19:40:18,63.8284,20.2597,55.33,94,0,3.44
544,Bodden Town,KY,2022-07-29 19:40:18,19.2833,-81.25,88.0,65,20,13.8
545,Isla Vista,US,2022-07-29 19:40:19,34.4133,-119.861,91.0,37,6,5.35
546,Barcelos,PT,2022-07-29 19:40:19,41.5388,-8.6151,73.54,66,0,5.7
547,Rochegda,RU,2022-07-29 19:40:19,62.8,43.25,60.84,96,58,2.75
548,Ilinskiy,RU,2022-07-29 19:40:20,55.619,38.1182,66.54,65,0,4.47
549,Taoudenni,ML,2022-07-29 19:40:20,22.6783,-3.9836,108.21,12,29,13.38
550,Sabya,SA,2022-07-29 19:40:20,17.1495,42.6254,91.02,48,99,3.27
551,Palana,RU,2022-07-29 19:40:21,59.1167,159.9667,47.62,81,99,0.43
552,Labuhan,ID,2022-07-29 19:40:21,-6.8844,112.2051,74.79,90,49,8.19
553,Harindanga,IN,2022-07-29 19:41:21,22.0383,88.3214,84.24,78,100,10.09
554,Noyabrsk,RU,2022-07-29 19:41:21,63.1994,75.4507,65.12,67,100,9.48
555,Komsomolskiy,UZ,2022-07-29 19:41:22,40.4272,71.7189,79.52,29,9,6.91
556,Seoul,KR,2022-07-29 19:41:22,37.5683,126.9778,82.0,79,0,3.44
557,Abu Zabad,SD,2022-07-29 19:41:22,12.35,29.25,80.6,63,100,9.91
558,Luganville,VU,2022-07-29 19:37:07,-15.5333,167.1667,76.87,85,100,6.62
559,Pechenga,RU,2022-07-29 19:41:23,69.5259,31.1703,48.79,88,100,4.63
560,Disna,BY,2022-07-29 19:41:23,55.568,28.1971,53.74,79,19,5.55
561,Calatayud,ES,2022-07-29 19:41:23,41.3535,-1.6432,74.57,52,0,11.72
562,San Pedro,PH,2022-07-29 19:41:24,14.35,121.0167,80.35,88,75,5.75
563,Jurm,AF,2022-07-29 19:41:24,36.8648,70.8342,70.18,41,66,1.92
564,Carovigno,IT,2022-07-29 19:41:24,40.708,17.655,87.28,56,0,1.99
565,Damaturu,NG,2022-07-29 19:41:25,11.747,11.9608,76.78,73,40,10.02
566,Muzhi,RU,2022-07-29 19:41:25,65.3667,64.6667,67.87,58,12,6.98
567,Roswell,US,2022-07-29 19:41:25,34.0232,-84.3616,94.59,63,20,9.22
568,Solnechnyy,RU,2022-07-29 19:41:25,50.7214,136.6319,68.31,96,91,6.49
569,Boa Vista,BR,2022-07-29 19:41:26,2.8197,-60.6733,82.38,74,75,10.36
570,Chara,RU,2022-07-29 19:41:26,56.9064,118.2631,55.54,81,56,2.46
571,Champerico,GT,2022-07-29 19:41:26,14.3,-91.9167,88.34,76,37,10.0
572,Bafilo,TG,2022-07-29 19:41:27,9.35,1.2667,69.57,92,100,4.41
573,Canby,US,2022-07-29 19:36:42,45.2629,-122.6926,96.04,49,0,5.75
574,Storforshei,NO,2022-07-29 19:41:27,66.4043,14.5233,64.18,51,0,3.44
575,Doha,QA,2022-07-29 19:41:27,25.2867,51.5333,93.51,75,0,11.5
576,Mamaku,NZ,2022-07-29 19:41:28,-38.1,176.0833,38.41,98,95,2.17
577,Lata,PT,2022-07-29 19:41:28,40.1629,-8.3327,67.03,84,0,3.31
578,Wanning,CN,2022-07-29 19:41:28,18.8003,110.3967,79.86,85,100,5.55
579,Benjamin Aceval,PY,2022-07-29 19:41:29,-24.9667,-57.5667,66.6,24,0,6.49
580,Yakuplu,TR,2022-07-29 19:41:29,40.9889,28.6758,76.35,73,0,14.97
581,Road Town,VG,2022-07-29 19:41:29,18.4167,-64.6167,87.89,70,40,11.5
582,Coffeyville,US,2022-07-29 19:37:18,37.0373,-95.6164,88.25,39,40,4.61
583,Casa Nova,BR,2022-07-29 19:41:30,-9.4167,-41.1333,84.96,41,79,7.16
584,Fare,PF,2022-07-29 19:41:30,-16.7,-151.0167,78.48,73,11,25.23
